id,correctAnswer
102501,C
102502,D
102503,A
102504,D
102505,A
102506,C
102507,D
102508,A
102509,B
102510,C
102511,A
102512,B
102513,D
102514,C
102515,C
102516,D
102517,C
102518,A
102519,B
102520,A
102521,B
102522,B
102523,C
102524,B
102525,B
102526,D
102527,A
102528,C
102529,B
102530,D
102531,D
102532,C
102533,A
102534,A
102535,C
102536,D
102537,C
102538,B
102539,B
102540,C
102541,B
102542,C
102543,B
102544,C
102545,D
102546,C
102547,C
102548,B
102549,A
102550,B
102551,A
102552,A
102553,A
102554,C
102555,C
102556,C
102557,D
102558,D
102559,D
102560,A
102561,A
102562,D
102563,B
102564,D
102565,C
102566,B
102567,B
102568,A
102569,A
102570,C
102571,C
102572,A
102573,D
102574,C
102575,C
102576,D
102577,A
102578,C
102579,D
102580,A
102581,D
102582,B
102583,B
102584,B
102585,C
102586,A
102587,B
102588,B
102589,B
102590,C
102591,A
102592,D
102593,A
102594,B
102595,D
102596,A
102597,C
102598,A
102599,A
102600,A
102601,B
102602,B
102603,B
102604,B
102605,D
102606,C
102607,A
102608,C
102609,A
102610,B
102611,C
102612,D
102613,A
102614,A
102615,C
102616,A
102617,B
102618,B
102619,B
102620,A
102621,C
102622,A
102623,B
102624,C
102625,A
102626,C
102627,D
102628,C
102629,B
102630,A
102631,A
102632,C
102633,A
102634,A
102635,A
102636,A
102637,C
102638,D
102639,A
102640,D
102641,A
102642,D
102643,D
102644,B
102645,D
102646,A
102647,C
102648,D
102649,A
102650,B
102651,D
102652,C
102653,A
102654,D
102655,D
102656,C
102657,D
102658,B
102659,A
102660,D
102661,B
102662,D
102663,C
102664,D
102665,D
102666,D
102667,A
102668,C
102669,B
102670,C
102671,C
102672,A
102673,C
102674,A
102675,C
102676,D
102677,B
102678,D
102679,D
102680,A
102681,D
102682,D
102683,B
102684,B
102685,A
102686,A
102687,D
102688,A
102689,A
102690,D
102691,D
102692,C
102693,B
102694,A
102695,B
102696,C
102697,A
102698,A
102699,A
102700,A
102701,D
102702,A
102703,C
102704,C
102705,C
102706,D
102707,A
102708,A
102709,D
102710,B
102711,C
102712,D
102713,A
102714,D
102715,C
102716,A
102717,B
102718,D
102719,A
102720,B
102721,C
102722,C
102723,A
102724,D
102725,C
102726,B
102727,A
102728,A
102729,B
102730,B
102731,A
102732,A
102733,A
102734,A
102735,A
102736,B
102737,A
102738,A
102739,D
102740,D
102741,C
102742,A
102743,B
102744,C
102745,A
102746,A
102747,A
102748,B
102749,B
102750,A
102751,A
102752,A
102753,D
102754,A
102755,B
102756,A
102757,B
102758,A
102759,B
102760,B
102761,D
102762,C
102763,B
102764,B
102765,C
102766,D
102767,C
102768,C
102769,C
102770,A
102771,A
102772,C
102773,B
102774,C
102775,A
102776,B
102777,A
102778,C
102779,C
102780,B
102781,A
102782,B
102783,C
102784,C
102785,B
102786,B
102787,B
102788,D
102789,D
102790,B
102791,C
102792,A
102793,B
102794,C
102795,B
102796,B
102797,A
102798,A
102799,A
102800,D
102801,D
102802,A
102803,D
102804,C
102805,C
102806,A
102807,D
102808,B
102809,B
102810,C
102811,A
102812,D
102813,D
102814,C
102815,B
102816,A
102817,D
102818,B
102819,D
102820,A
102821,B
102822,B
102823,B
102824,C
102825,B
102826,A
102827,B
102828,A
102829,A
102830,C
102831,D
102832,A
102833,C
102834,B
102835,A
102836,D
102837,C
102838,A
102839,C
102840,B
102841,B
102842,B
102843,A
102844,D
102845,C
102846,A
102847,A
102848,C
102849,B
102850,B
102851,B
102852,A
102853,B
102854,C
102855,B
102856,B
102857,A
102858,A
102859,C
102860,C
102861,C
102862,D
102863,B
102864,C
102865,C
102866,A
102867,D
102868,C
102869,B
102870,A
102871,D
102872,D
102873,B
102874,B
102875,B
102876,B
102877,B
102878,D
102879,D
102880,B
102881,D
102882,D
102883,B
102884,C
102885,D
102886,A
102887,D
102888,B
102889,C
102890,C
102891,C
102892,C
102893,B
102894,C
102895,C
102896,D
102897,A
102898,C
102899,B
102900,A
102901,C
102902,B
102903,A
102904,D
102905,B
102906,D
102907,B
102908,B
102909,D
102910,B
102911,D
102912,D
102913,C
102914,B
102915,C
102916,D
102917,D
102918,A
102919,C
102920,A
102921,D
102922,C
102923,A
102924,D
102925,D
102926,D
102927,D
102928,A
102929,D
102930,A
102931,B
102932,D
102933,C
102934,A
102935,B
102936,C
102937,A
102938,A
102939,B
102940,C
102941,C
102942,B
102943,B
102944,D
102945,D
102946,C
102947,D
102948,D
102949,C
102950,A
102951,D
102952,A
102953,C
102954,D
102955,A
102956,A
102957,A
102958,C
102959,B
102960,A
102961,B
102962,C
102963,B
102964,A
102965,D
102966,D
102967,B
102968,A
102969,D
102970,C
102971,D
102972,A
102973,B
102974,B
102975,B
102976,B
102977,D
102978,C
102979,C
102980,A
102981,D
102982,A
102983,B
102984,C
102985,D
102986,D
102987,A
102988,D
102989,A
102990,A
102991,A
102992,A
102993,C
102994,A
102995,B
102996,B
102997,D
102998,A
102999,A
103000,D
103001,C
103002,A
103003,D
103004,A
103005,C
103006,B
103007,B
103008,A
103009,D
103010,A
103011,B
103012,B
103013,B
103014,B
103015,C
103016,C
103017,C
103018,C
103019,D
103020,B
103021,D
103022,D
103023,C
103024,D
103025,C
103026,A
103027,B
103028,B
103029,C
103030,D
103031,D
103032,B
103033,B
103034,C
103035,D
103036,A
103037,C
103038,B
103039,C
103040,A
103041,C
103042,B
103043,B
103044,C
103045,C
103046,B
103047,D
103048,B
103049,B
103050,B
103051,A
103052,B
103053,A
103054,D
103055,B
103056,C
103057,B
103058,B
103059,D
103060,B
103061,B
103062,C
103063,C
103064,A
103065,B
103066,C
103067,A
103068,A
103069,B
103070,B
103071,B
103072,C
103073,C
103074,C
103075,C
103076,A
103077,A
103078,C
103079,A
103080,D
103081,D
103082,D
103083,C
103084,C
103085,C
103086,C
103087,A
103088,B
103089,B
103090,B
103091,B
103092,D
103093,C
103094,C
103095,D
103096,A
103097,A
103098,B
103099,B
103100,A
103101,B
103102,B
103103,D
103104,B
103105,D
103106,C
103107,B
103108,D
103109,D
103110,B
103111,D
103112,D
103113,B
103114,D
103115,C
103116,A
103117,D
103118,D
103119,C
103120,A
103121,D
103122,D
103123,D
103124,C
103125,C
103126,D
103127,D
103128,A
103129,C
103130,A
103131,A
103132,D
103133,B
103134,A
103135,B
103136,C
103137,C
103138,D
103139,B
103140,B
103141,D
103142,A
103143,D
103144,A
103145,D
103146,B
103147,D
103148,A
103149,A
103150,D
103151,D
103152,C
103153,B
103154,C
103155,B
103156,B
103157,B
103158,C
103159,A
103160,A
103161,D
103162,A
103163,A
103164,C
103165,B
103166,C
103167,D
103168,B
103169,B
103170,C
103171,D
103172,D
103173,A
103174,D
103175,A
103176,A
103177,C
103178,D
103179,B
103180,B
103181,D
103182,A
103183,B
103184,C
103185,D
103186,C
103187,A
103188,B
103189,C
103190,C
103191,C
103192,C
103193,A
103194,D
103195,C
103196,A
103197,C
103198,C
103199,C
103200,B
103201,C
103202,B
103203,B
103204,A
103205,D
103206,B
103207,A
103208,C
103209,A
103210,D
103211,C
103212,B
103213,C
103214,C
103215,B
103216,C
103217,B
103218,A
103219,D
103220,D
103221,A
103222,A
103223,A
103224,A
103225,A
103226,D
103227,D
103228,A
103229,A
103230,B
103231,C
103232,C
103233,A
103234,D
103235,A
103236,A
103237,C
103238,C
103239,A
103240,B
103241,D
103242,D
103243,D
103244,D
103245,A
103246,C
103247,D
103248,C
103249,D
103250,D
103251,A
103252,A
103253,C
103254,D
103255,D
103256,C
103257,C
103258,D
103259,B
103260,A
103261,A
103262,C
103263,A
103264,A
103265,B
103266,C
103267,D
103268,B
103269,C
103270,A
103271,C
103272,D
103273,B
103274,B
103275,B
103276,B
103277,D
103278,D
103279,A
103280,B
103281,A
103282,C
103283,A
103284,A
103285,B
103286,B
103287,C
103288,D
103289,D
103290,C
103291,B
103292,C
103293,A
103294,D
103295,A
103296,A
103297,D
103298,B
103299,D
103300,D
103301,B
103302,C
103303,A
103304,B
103305,B
103306,A
103307,B
103308,C
103309,B
103310,A
103311,A
103312,B
103313,C
103314,A
103315,A
103316,B
103317,D
103318,B
103319,D
103320,C
103321,D
103322,C
103323,B
103324,D
103325,B
103326,A
103327,C
103328,A
103329,D
103330,A
103331,A
103332,D
103333,B
103334,D
103335,B
103336,D
103337,A
103338,C
103339,B
103340,B
103341,B
103342,A
103343,B
103344,A
103345,D
103346,C
103347,A
103348,D
103349,D
103350,B
103351,D
103352,A
103353,B
103354,A
103355,D
103356,B
103357,D
103358,C
103359,B
103360,C
103361,A
103362,B
103363,B
103364,D
103365,C
103366,B
103367,A
103368,C
103369,A
103370,A
103371,B
103372,D
103373,D
103374,B
103375,A
103376,A
103377,C
103378,B
103379,A
103380,A
103381,B
103382,A
103383,B
103384,D
103385,A
103386,C
103387,A
103388,B
103389,C
103390,A
103391,D
103392,D
103393,D
103394,A
103395,D
103396,C
103397,B
103398,C
103399,C
103400,A
103401,C
103402,C
103403,C
103404,B
103405,B
103406,A
103407,D
103408,A
103409,B
103410,B
103411,D
103412,B
103413,B
103414,D
103415,C
103416,D
103417,B
103418,A
103419,A
103420,B
103421,D
103422,B
103423,A
103424,B
103425,A
103426,B
103427,C
103428,C
103429,C
103430,C
103431,A
103432,D
103433,B
103434,A
103435,A
103436,B
103437,C
103438,A
103439,D
103440,C
103441,C
103442,C
103443,D
103444,B
103445,B
103446,D
103447,A
103448,D
103449,C
103450,D
103451,D
103452,A
103453,A
103454,B
103455,A
103456,B
103457,C
103458,D
103459,B
103460,B
103461,A
103462,D
103463,B
103464,D
103465,B
103466,A
103467,D
103468,C
103469,B
103470,A
103471,A
103472,A
103473,C
103474,A
103475,C
103476,C
103477,C
103478,B
103479,D
103480,D
103481,A
103482,B
103483,B
103484,A
103485,D
103486,D
103487,D
103488,A
103489,D
103490,C
103491,C
103492,C
103493,A
103494,B
103495,C
103496,D
103497,C
103498,A
103499,D
103500,A
103501,A
103502,B
103503,D
103504,B
103505,C
103506,B
103507,B
103508,C
103509,C
103510,D
103511,C
103512,D
103513,D
103514,D
103515,A
103516,C
103517,C
103518,A
103519,B
103520,D
103521,D
103522,A
103523,C
103524,C
103525,C
103526,C
103527,B
103528,A
103529,C
103530,D
103531,A
103532,D
103533,C
103534,C
103535,A
103536,C
103537,D
103538,B
103539,C
103540,A
103541,A
103542,A
103543,C
103544,B
103545,B
103546,C
103547,B
103548,D
103549,B
103550,A
103551,C
103552,C
103553,B
103554,D
103555,B
103556,C
103557,C
103558,B
103559,A
103560,B
103561,C
103562,B
103563,C
103564,B
103565,A
103566,B
103567,D
103568,D
103569,C
103570,C
103571,D
103572,B
103573,C
103574,B
103575,C
103576,C
103577,B
103578,A
103579,B
103580,D
103581,C
103582,D
103583,B
103584,C
103585,A
103586,A
103587,C
103588,D
103589,B
103590,A
103591,C
103592,A
103593,C
103594,A
103595,D
103596,A
103597,A
103598,B
103599,B
103600,D
103601,C
103602,C
103603,C
103604,C
103605,C
103606,A
103607,B
103608,C
103609,A
103610,A
103611,B
103612,C
103613,B
103614,D
103615,D
103616,C
103617,A
103618,D
103619,B
103620,D
103621,C
103622,D
103623,A
103624,D
103625,B
103626,A
103627,C
103628,D
103629,B
103630,A
103631,D
103632,D
103633,B
103634,C
103635,A
103636,D
103637,C
103638,D
103639,B
103640,A
103641,B
103642,D
103643,D
103644,A
103645,B
103646,D
103647,B
103648,C
103649,B
103650,C
103651,C
103652,B
103653,C
103654,A
103655,C
103656,C
103657,D
103658,A
103659,A
103660,A
103661,B
103662,D
103663,B
103664,A
103665,D
103666,B
103667,D
103668,C
103669,C
103670,B
103671,B
103672,C
103673,D
103674,B
103675,A
103676,A
103677,B
103678,B
103679,C
103680,A
103681,D
103682,D
103683,B
103684,A
103685,A
103686,A
103687,B
103688,A
103689,C
103690,A
103691,C
103692,D
103693,B
103694,D
103695,A
103696,C
103697,A
103698,A
103699,D
103700,A
103701,B
103702,C
103703,C
103704,B
103705,A
103706,B
103707,A
103708,C
103709,A
103710,B
103711,A
103712,C
103713,D
103714,D
103715,A
103716,C
103717,A
103718,D
103719,D
103720,B
103721,C
103722,A
103723,C
103724,C
103725,B
103726,C
103727,C
103728,A
103729,B
103730,B
103731,D
103732,D
103733,B
103734,A
103735,D
103736,A
103737,A
103738,C
103739,B
103740,B
103741,B
103742,D
103743,A
103744,D
103745,C
103746,A
103747,B
103748,D
103749,D
103750,C
103751,C
103752,C
103753,A
103754,A
103755,A
103756,B
103757,B
103758,C
103759,A
103760,D
103761,A
103762,B
103763,B
103764,C
103765,A
103766,D
103767,C
103768,C
103769,B
103770,D
103771,A
103772,D
103773,D
103774,D
103775,B
103776,D
103777,B
103778,D
103779,A
103780,C
103781,D
103782,C
103783,A
103784,D
103785,B
103786,D
103787,B
103788,A
103789,D
103790,A
103791,B
103792,B
103793,A
103794,A
103795,D
103796,B
103797,B
103798,D
103799,C
103800,C
103801,B
103802,B
103803,B
103804,C
103805,C
103806,D
103807,A
103808,B
103809,A
103810,C
103811,D
103812,A
103813,A
103814,B
103815,C
103816,A
103817,A
103818,A
103819,C
103820,D
103821,A
103822,A
103823,B
103824,B
103825,B
103826,B
103827,D
103828,C
103829,A
103830,A
103831,A
103832,D
103833,B
103834,D
103835,A
103836,C
103837,B
103838,B
103839,B
103840,B
103841,C
103842,C
103843,A
103844,D
103845,C
103846,B
103847,A
103848,C
103849,C
103850,C
103851,D
103852,A
103853,C
103854,A
103855,B
103856,C
103857,A
103858,C
103859,B
103860,D
103861,B
103862,C
103863,B
103864,B
103865,D
103866,D
103867,A
103868,B
103869,C
103870,C
103871,D
103872,B
103873,A
103874,D
103875,B
103876,D
103877,B
103878,A
103879,B
103880,B
103881,B
103882,A
103883,A
103884,A
103885,D
103886,B
103887,D
103888,A
103889,B
103890,A
103891,A
103892,D
103893,B
103894,B
103895,B
103896,C
103897,B
103898,C
103899,A
103900,B
103901,C
103902,D
103903,B
103904,C
103905,A
103906,A
103907,B
103908,B
103909,C
103910,B
103911,A
103912,B
103913,B
103914,D
103915,B
103916,A
103917,D
103918,D
103919,A
103920,C
103921,B
103922,B
103923,B
103924,D
103925,A
103926,A
103927,D
103928,B
103929,B
103930,A
103931,B
103932,C
103933,B
103934,C
103935,B
103936,D
103937,D
103938,D
103939,A
103940,A
103941,C
103942,A
103943,B
103944,B
103945,B
103946,B
103947,C
103948,B
103949,C
103950,A
103951,C
103952,D
103953,B
103954,D
103955,A
103956,B
103957,D
103958,B
103959,C
103960,A
103961,C
103962,C
103963,B
103964,B
103965,C
103966,A
103967,C
103968,D
103969,C
103970,D
103971,A
103972,C
103973,A
103974,D
103975,A
103976,D
103977,A
103978,D
103979,B
103980,D
103981,D
103982,D
103983,D
103984,C
103985,A
103986,A
103987,D
103988,B
103989,C
103990,C
103991,D
103992,A
103993,B
103994,D
103995,B
103996,C
103997,C
103998,B
103999,A
104000,A
104001,A
104002,D
104003,C
104004,C
104005,D
104006,D
104007,B
104008,B
104009,B
104010,D
104011,A
104012,C
104013,A
104014,A
104015,D
104016,C
104017,D
104018,D
104019,B
104020,B
104021,D
104022,C
104023,C
104024,D
104025,B
104026,D
104027,D
104028,A
104029,C
104030,B
104031,D
104032,D
104033,A
104034,A
104035,C
104036,A
104037,B
104038,C
104039,C
104040,B
104041,C
104042,B
104043,B
104044,B
104045,A
104046,C
104047,D
104048,D
104049,A
104050,C
104051,A
104052,C
104053,A
104054,D
104055,B
104056,B
104057,D
104058,C
104059,A
104060,A
104061,B
104062,D
104063,D
104064,C
104065,A
104066,C
104067,C
104068,D
104069,D
104070,D
104071,C
104072,B
104073,B
104074,B
104075,D
104076,B
104077,B
104078,C
104079,B
104080,B
104081,C
104082,D
104083,C
104084,D
104085,D
104086,B
104087,C
104088,A
104089,B
104090,A
104091,D
104092,D
104093,B
104094,C
104095,D
104096,D
104097,A
104098,C
104099,B
104100,D
104101,A
104102,C
104103,B
104104,C
104105,A
104106,B
104107,B
104108,B
104109,B
104110,B
104111,B
104112,A
104113,D
104114,A
104115,C
104116,D
104117,A
104118,C
104119,C
104120,B
104121,D
104122,C
104123,A
104124,B
104125,D
104126,B
104127,C
104128,D
104129,B
104130,A
104131,D
104132,B
104133,D
104134,D
104135,C
104136,C
104137,B
104138,B
104139,A
104140,C
104141,A
104142,C
104143,C
104144,C
104145,B
104146,D
104147,C
104148,D
104149,C
104150,C
104151,D
104152,B
104153,A
104154,B
104155,C
104156,B
104157,C
104158,B
104159,D
104160,C
104161,D
104162,D
104163,B
104164,B
104165,C
104166,A
104167,A
104168,A
104169,A
104170,C
104171,D
104172,A
104173,D
104174,C
104175,C
104176,A
104177,A
104178,B
104179,C
104180,D
104181,B
104182,D
104183,B
104184,C
104185,C
104186,A
104187,B
104188,B
104189,A
104190,A
104191,C
104192,D
104193,C
104194,C
104195,C
104196,A
104197,C
104198,C
104199,D
104200,C
104201,C
104202,D
104203,B
104204,D
104205,D
104206,D
104207,B
104208,B
104209,C
104210,A
104211,A
104212,A
104213,A
104214,A
104215,B
104216,A
104217,D
104218,A
104219,B
104220,A
104221,A
104222,C
104223,B
104224,C
104225,A
104226,C
104227,B
104228,C
104229,C
104230,A
104231,B
104232,A
104233,A
104234,A
104235,A
104236,A
104237,B
104238,D
104239,A
104240,A
104241,B
104242,C
104243,A
104244,A
104245,C
104246,D
104247,C
104248,A
104249,D
104250,A
104251,B
104252,D
104253,D
104254,A
104255,D
104256,C
104257,C
104258,D
104259,D
104260,B
104261,D
104262,B
104263,C
104264,A
104265,B
104266,C
104267,D
104268,D
104269,C
104270,C
104271,B
104272,C
104273,A
104274,D
104275,D
104276,B
104277,C
104278,B
104279,D
104280,A
104281,C
104282,C
104283,A
104284,D
104285,D
104286,A
104287,B
104288,C
104289,B
104290,D
104291,D
104292,B
104293,D
104294,D
104295,B
104296,A
104297,A
104298,C
104299,A
104300,A
104301,C
104302,B
104303,D
104304,A
104305,B
104306,A
104307,B
104308,B
104309,B
104310,C
104311,C
104312,C
104313,A
104314,D
104315,A
104316,B
104317,D
104318,C
104319,B
104320,C
104321,C
104322,B
104323,B
104324,D
104325,C
104326,D
104327,C
104328,D
104329,D
104330,A
104331,C
104332,D
104333,D
104334,A
104335,D
104336,D
104337,D
104338,B
104339,B
104340,B
104341,D
104342,A
104343,A
104344,A
104345,C
104346,C
104347,D
104348,D
104349,B
104350,B
104351,D
104352,A
104353,D
104354,D
104355,C
104356,A
104357,D
104358,C
104359,D
104360,D
104361,D
104362,D
104363,A
104364,B
104365,A
104366,C
104367,D
104368,C
104369,C
104370,C
104371,A
104372,B
104373,A
104374,B
104375,D
104376,B
104377,B
104378,C
104379,D
104380,A
104381,B
104382,A
104383,D
104384,C
104385,B
104386,A
104387,B
104388,C
104389,A
104390,B
104391,A
104392,A
104393,C
104394,A
104395,A
104396,A
104397,B
104398,B
104399,A
104400,B
104401,B
104402,B
104403,B
104404,A
104405,C
104406,A
104407,A
104408,D
104409,D
104410,D
104411,D
104412,C
104413,A
104414,B
104415,B
104416,D
104417,C
104418,A
104419,A
104420,B
104421,D
104422,B
104423,C
104424,B
104425,C
104426,D
104427,D
104428,B
104429,A
104430,C
104431,A
104432,C
104433,A
104434,C
104435,D
104436,C
104437,A
104438,A
104439,A
104440,B
104441,A
104442,B
104443,B
104444,A
104445,A
104446,C
104447,D
104448,D
104449,D
104450,D
104451,A
104452,B
104453,B
104454,B
104455,D
104456,D
104457,A
104458,C
104459,A
104460,D
104461,C
104462,B
104463,B
104464,B
104465,B
104466,A
104467,B
104468,B
104469,C
104470,C
104471,B
104472,B
104473,D
104474,B
104475,C
104476,A
104477,C
104478,A
104479,C
104480,B
104481,C
104482,B
104483,D
104484,B
104485,A
104486,A
104487,C
104488,B
104489,D
104490,A
104491,C
104492,C
104493,D
104494,A
104495,C
104496,A
104497,C
104498,B
104499,B
104500,D
104501,D
104502,B
104503,C
104504,B
104505,C
104506,D
104507,B
104508,B
104509,C
104510,B
104511,C
104512,B
104513,D
104514,B
104515,A
104516,B
104517,B
104518,A
104519,B
104520,A
104521,D
104522,C
104523,C
104524,A
104525,D
104526,A
104527,C
104528,A
104529,B
104530,B
104531,D
104532,C
104533,B
104534,D
104535,D
104536,C
104537,A
104538,C
104539,C
104540,A
104541,B
104542,C
104543,D
104544,D
104545,B
104546,B
104547,C
104548,A
104549,A
104550,B
104551,B
104552,B
104553,B
104554,C
104555,C
104556,B
104557,D
104558,A
104559,D
104560,B
104561,C
104562,D
104563,A
104564,B
104565,D
104566,D
104567,C
104568,D
104569,D
104570,B
104571,C
104572,C
104573,B
104574,D
104575,B
104576,C
104577,A
104578,A
104579,D
104580,B
104581,A
104582,B
104583,C
104584,B
104585,C
104586,C
104587,B
104588,C
104589,A
104590,D
104591,C
104592,A
104593,C
104594,C
104595,A
104596,A
104597,A
104598,A
104599,C
104600,B
104601,A
104602,D
104603,D
104604,A
104605,A
104606,B
104607,B
104608,C
104609,A
104610,A
104611,A
104612,A
104613,B
104614,A
104615,D
104616,C
104617,D
104618,B
104619,B
104620,B
104621,C
104622,C
104623,C
104624,D
104625,B
104626,A
104627,B
104628,A
104629,D
104630,C
104631,B
104632,C
104633,B
104634,D
104635,A
104636,B
104637,C
104638,C
104639,C
104640,C
104641,B
104642,A
104643,D
104644,A
104645,D
104646,A
104647,C
104648,A
104649,C
104650,D
104651,B
104652,B
104653,A
104654,A
104655,B
104656,A
104657,A
104658,B
104659,B
104660,A
104661,B
104662,B
104663,A
104664,D
104665,D
104666,C
104667,D
104668,D
104669,B
104670,A
104671,C
104672,B
104673,D
104674,B
104675,C
104676,C
104677,B
104678,A
104679,D
104680,B
104681,D
104682,A
104683,D
104684,C
104685,D
104686,D
104687,A
104688,D
104689,A
104690,B
104691,A
104692,D
104693,C
104694,D
104695,A
104696,D
104697,A
104698,C
104699,B
104700,B
104701,A
104702,A
104703,D
104704,C
104705,B
104706,B
104707,D
104708,C
104709,C
104710,B
104711,A
104712,C
104713,A
104714,D
104715,B
104716,A
104717,B
104718,B
104719,A
104720,A
104721,B
104722,C
104723,B
104724,C
104725,A
104726,D
104727,B
104728,D
104729,B
104730,A
104731,C
104732,C
104733,C
104734,C
104735,B
104736,B
104737,A
104738,B
104739,A
104740,B
104741,D
104742,C
104743,A
104744,B
104745,C
104746,D
104747,B
104748,D
104749,B
104750,A
104751,B
104752,A
104753,B
104754,B
104755,D
104756,C
104757,B
104758,D
104759,B
104760,D
104761,B
104762,A
104763,B
104764,C
104765,D
104766,A
104767,D
104768,D
104769,D
104770,B
104771,C
104772,A
104773,B
104774,C
104775,C
104776,B
104777,A
104778,C
104779,C
104780,C
104781,B
104782,C
104783,A
104784,D
104785,A
104786,C
104787,D
104788,B
104789,C
104790,A
104791,D
104792,C
104793,B
104794,A
104795,C
104796,D
104797,C
104798,C
104799,D
104800,C
104801,A
104802,A
104803,C
104804,B
104805,B
104806,C
104807,A
104808,C
104809,D
104810,A
104811,B
104812,D
104813,C
104814,D
104815,C
104816,C
104817,C
104818,B
104819,A
104820,A
104821,C
104822,D
104823,A
104824,C
104825,B
104826,B
104827,A
104828,A
104829,C
104830,C
104831,D
104832,C
104833,B
104834,D
104835,A
104836,D
104837,A
104838,D
104839,D
104840,B
104841,A
104842,D
104843,A
104844,D
104845,D
104846,C
104847,C
104848,D
104849,C
104850,C
104851,A
104852,C
104853,C
104854,A
104855,A
104856,C
104857,D
104858,A
104859,C
104860,A
104861,C
104862,B
104863,A
104864,C
104865,D
104866,B
104867,A
104868,C
104869,C
104870,A
104871,A
104872,C
104873,C
104874,C
104875,C
104876,A
104877,B
104878,D
104879,C
104880,B
104881,A
104882,D
104883,C
104884,C
104885,A
104886,D
104887,B
104888,C
104889,B
104890,A
104891,C
104892,D
104893,C
104894,D
104895,A
104896,C
104897,D
104898,A
104899,B
104900,C
104901,B
104902,C
104903,C
104904,A
104905,C
104906,B
104907,B
104908,B
104909,D
104910,A
104911,D
104912,C
104913,C
104914,A
104915,C
104916,A
104917,D
104918,C
104919,A
104920,D
104921,D
104922,A
104923,D
104924,D
104925,B
104926,B
104927,C
104928,C
104929,D
104930,D
104931,B
104932,B
104933,B
104934,C
104935,D
104936,C
104937,D
104938,B
104939,D
104940,C
104941,B
104942,B
104943,C
104944,B
104945,C
104946,C
104947,A
104948,D
104949,C
104950,A
104951,B
104952,D
104953,D
104954,B
104955,C
104956,C
104957,C
104958,D
104959,A
104960,C
104961,D
104962,C
104963,C
104964,B
104965,A
104966,C
104967,C
104968,C
104969,D
104970,D
104971,A
104972,A
104973,C
104974,D
104975,A
104976,B
104977,D
104978,B
104979,D
104980,B
104981,A
104982,A
104983,B
104984,B
104985,A
104986,D
104987,C
104988,D
104989,A
104990,C
104991,C
104992,B
104993,A
104994,B
104995,A
104996,C
104997,A
104998,D
104999,C
105000,A
105001,D
105002,B
105003,A
105004,B
105005,D
105006,B
105007,C
105008,A
105009,A
105010,B
105011,A
105012,B
105013,C
105014,D
105015,D
105016,A
105017,C
105018,A
105019,A
105020,B
105021,D
105022,C
105023,C
105024,B
105025,D
105026,D
105027,B
105028,A
105029,B
105030,B
105031,A
105032,B
105033,D
105034,D
105035,B
105036,C
105037,A
105038,D
105039,B
105040,C
105041,B
105042,D
105043,A
105044,D
105045,B
105046,B
105047,C
105048,C
105049,A
105050,A
105051,C
105052,C
105053,B
105054,C
105055,B
105056,A
105057,D
105058,D
105059,D
105060,B
105061,B
105062,D
105063,D
105064,B
105065,B
105066,D
105067,B
105068,B
105069,A
105070,C
105071,C
105072,B
105073,A
105074,B
105075,C
105076,D
105077,A
105078,A
105079,D
105080,A
105081,A
105082,C
105083,C
105084,C
105085,B
105086,D
105087,D
105088,B
105089,C
105090,A
105091,D
105092,B
105093,B
105094,D
105095,A
105096,A
105097,C
105098,D
105099,B
105100,C
105101,C
105102,A
105103,C
105104,C
105105,B
105106,B
105107,B
105108,B
105109,B
105110,C
105111,A
105112,B
105113,D
105114,A
105115,C
105116,B
105117,D
105118,B
105119,B
105120,B
105121,A
105122,D
105123,D
105124,C
105125,B
105126,B
105127,D
105128,C
105129,B
105130,A
105131,D
105132,B
105133,A
105134,A
105135,C
105136,B
105137,A
105138,A
105139,C
105140,C
105141,C
105142,B
105143,B
105144,D
105145,B
105146,B
105147,B
105148,D
105149,B
105150,A
105151,B
105152,D
105153,D
105154,C
105155,C
105156,B
105157,A
105158,D
105159,C
105160,D
105161,C
105162,A
105163,B
105164,A
105165,A
105166,B
105167,D
105168,B
105169,A
105170,D
105171,B
105172,D
105173,A
105174,D
105175,B
105176,A
105177,A
105178,C
105179,B
105180,C
105181,C
105182,A
105183,C
105184,C
105185,B
105186,C
105187,C
105188,B
105189,A
105190,B
105191,C
105192,D
105193,A
105194,C
105195,A
105196,A
105197,D
105198,A
105199,D
105200,B
105201,D
105202,B
105203,A
105204,D
105205,B
105206,C
105207,D
105208,D
105209,B
105210,A
105211,B
105212,C
105213,A
105214,C
105215,C
105216,C
105217,C
105218,D
105219,D
105220,D
105221,B
105222,A
105223,B
105224,A
105225,D
105226,C
105227,B
105228,B
105229,B
105230,B
105231,D
105232,D
105233,D
105234,D
105235,C
105236,C
105237,B
105238,D
105239,A
105240,C
105241,B
105242,C
105243,D
105244,B
105245,B
105246,C
105247,C
105248,C
105249,C
105250,D
105251,D
105252,A
105253,A
105254,D
105255,A
105256,B
105257,B
105258,B
105259,D
105260,B
105261,B
105262,B
105263,C
105264,C
105265,A
105266,A
105267,B
105268,B
105269,D
105270,A
105271,B
105272,A
105273,A
105274,B
105275,B
105276,D
105277,D
105278,A
105279,D
105280,D
105281,B
105282,D
105283,B
105284,D
105285,D
105286,B
105287,A
105288,A
105289,B
105290,C
105291,B
105292,C
105293,C
105294,B
105295,B
105296,C
105297,A
105298,B
105299,D
105300,C
105301,A
105302,C
105303,C
105304,D
105305,C
105306,B
105307,A
105308,A
105309,B
105310,D
105311,B
105312,D
105313,B
105314,C
105315,D
105316,B
105317,D
105318,D
105319,B
105320,C
105321,C
105322,B
105323,B
105324,C
105325,C
105326,A
105327,A
105328,A
105329,C
105330,C
105331,D
105332,D
105333,C
105334,B
105335,A
105336,C
105337,C
105338,A
105339,B
105340,C
105341,D
105342,C
105343,B
105344,B
105345,C
105346,B
105347,D
105348,B
105349,A
105350,B
105351,A
105352,D
105353,C
105354,C
105355,C
105356,C
105357,D
105358,A
105359,C
105360,C
105361,A
105362,D
105363,B
105364,A
105365,D
105366,A
105367,D
105368,C
105369,C
105370,C
105371,C
105372,B
105373,A
105374,D
105375,B
105376,B
105377,D
105378,D
105379,D
105380,C
105381,A
105382,B
105383,B
105384,D
105385,C
105386,D
105387,D
105388,B
105389,D
105390,A
105391,A
105392,C
105393,C
105394,D
105395,C
105396,B
105397,A
105398,D
105399,A
105400,A
105401,A
105402,D
105403,C
105404,A
105405,D
105406,B
105407,A
105408,A
105409,C
105410,D
105411,B
105412,A
105413,A
105414,C
105415,C
105416,C
105417,D
105418,C
105419,D
105420,A
105421,D
105422,C
105423,C
105424,B
105425,B
105426,D
105427,C
105428,D
105429,A
105430,B
105431,C
105432,D
105433,B
105434,D
105435,D
105436,D
105437,A
105438,B
105439,A
105440,C
105441,B
105442,A
105443,B
105444,D
105445,A
105446,B
105447,C
105448,B
105449,B
105450,C
105451,A
105452,D
105453,B
105454,A
105455,A
105456,C
105457,C
105458,B
105459,D
105460,B
105461,D
105462,D
105463,B
105464,B
105465,A
105466,B
105467,B
105468,C
105469,A
105470,A
105471,D
105472,B
105473,A
105474,C
105475,D
105476,A
105477,A
105478,B
105479,D
105480,B
105481,A
105482,B
105483,A
105484,A
105485,B
105486,A
105487,C
105488,C
105489,D
105490,A
105491,D
105492,A
105493,D
105494,C
105495,B
105496,C
105497,A
105498,A
105499,C
105500,B
105501,C
105502,B
105503,D
105504,C
105505,B
105506,B
105507,C
105508,B
105509,C
105510,C
105511,D
105512,C
105513,C
105514,D
105515,B
105516,B
105517,D
105518,A
105519,C
105520,B
105521,B
105522,A
105523,A
105524,B
105525,B
105526,D
105527,D
105528,C
105529,A
105530,D
105531,C
105532,B
105533,D
105534,B
105535,D
105536,D
105537,A
105538,C
105539,C
105540,C
105541,A
105542,B
105543,D
105544,D
105545,B
105546,B
105547,A
105548,D
105549,B
105550,C
105551,A
105552,C
105553,A
105554,A
105555,C
105556,A
105557,C
105558,C
105559,C
105560,B
105561,D
105562,C
105563,D
105564,D
105565,C
105566,A
105567,D
105568,A
105569,C
105570,A
105571,B
105572,C
105573,D
105574,B
105575,C
105576,B
105577,A
105578,A
105579,C
105580,A
105581,A
105582,A
105583,D
105584,D
105585,B
105586,C
105587,B
105588,D
105589,C
105590,A
105591,C
105592,A
105593,C
105594,A
105595,C
105596,A
105597,A
105598,A
105599,B
105600,A
105601,D
105602,C
105603,D
105604,B
105605,B
105606,C
105607,A
105608,B
105609,B
105610,B
105611,B
105612,A
105613,D
105614,A
105615,A
105616,A
105617,C
105618,A
105619,D
105620,D
105621,C
105622,C
105623,D
105624,B
105625,B
105626,B
105627,A
105628,B
105629,D
105630,C
105631,B
105632,C
105633,B
105634,A
105635,D
105636,D
105637,C
105638,B
105639,C
105640,D
105641,A
105642,A
105643,B
105644,C
105645,C
105646,D
105647,B
105648,B
105649,D
105650,A
105651,A
105652,B
105653,A
105654,A
105655,A
105656,A
105657,C
105658,A
105659,B
105660,B
105661,A
105662,C
105663,A
105664,C
105665,C
105666,D
105667,A
105668,A
105669,B
105670,D
105671,D
105672,B
105673,D
105674,D
105675,B
105676,C
105677,B
105678,D
105679,C
105680,B
105681,C
105682,A
105683,A
105684,A
105685,D
105686,B
105687,B
105688,D
105689,D
105690,D
105691,B
105692,B
105693,D
105694,D
105695,C
105696,C
105697,C
105698,A
105699,D
105700,C
105701,B
105702,B
105703,A
105704,A
105705,B
105706,C
105707,A
105708,D
105709,C
105710,B
105711,D
105712,D
105713,A
105714,A
105715,A
105716,D
105717,D
105718,D
105719,A
105720,C
105721,C
105722,D
105723,B
105724,D
105725,C
105726,B
105727,D
105728,C
105729,C
105730,B
105731,C
105732,D
105733,C
105734,D
105735,D
105736,B
105737,D
105738,A
105739,B
105740,A
105741,C
105742,D
105743,C
105744,A
105745,A
105746,D
105747,A
105748,C
105749,C
105750,B
105751,B
105752,B
105753,B
105754,D
105755,D
105756,A
105757,D
105758,D
105759,B
105760,C
105761,C
105762,D
105763,D
105764,C
105765,B
105766,A
105767,D
105768,C
105769,B
105770,C
105771,C
105772,C
105773,D
105774,C
105775,D
105776,A
105777,C
105778,C
105779,B
105780,B
105781,B
105782,A
105783,C
105784,B
105785,D
105786,C
105787,D
105788,D
105789,B
105790,D
105791,A
105792,A
105793,A
105794,C
105795,B
105796,B
105797,B
105798,B
105799,A
105800,D
105801,B
105802,A
105803,B
105804,C
105805,D
105806,C
105807,A
105808,A
105809,C
105810,A
105811,D
105812,C
105813,A
105814,C
105815,B
105816,A
105817,B
105818,C
105819,A
105820,B
105821,B
105822,A
105823,A
105824,B
105825,B
105826,B
105827,D
105828,B
105829,D
105830,B
105831,A
105832,C
105833,D
105834,B
105835,A
105836,B
105837,D
105838,C
105839,D
105840,B
105841,A
105842,B
105843,D
105844,C
105845,D
105846,C
105847,C
105848,B
105849,B
105850,A
105851,B
105852,D
105853,C
105854,D
105855,C
105856,A
105857,A
105858,B
105859,D
105860,B
105861,D
105862,C
105863,C
105864,D
105865,A
105866,C
105867,C
105868,A
105869,C
105870,C
105871,C
105872,B
105873,A
105874,A
105875,B
105876,D
105877,B
105878,A
105879,A
105880,C
105881,B
105882,B
105883,B
105884,A
105885,D
105886,A
105887,A
105888,C
105889,D
105890,C
105891,B
105892,A
105893,C
105894,C
105895,A
105896,A
105897,B
105898,C
105899,D
105900,D
105901,B
105902,B
105903,A
105904,A
105905,C
105906,A
105907,B
105908,B
105909,A
105910,C
105911,D
105912,B
105913,A
105914,C
105915,A
105916,C
105917,D
105918,B
105919,D
105920,D
105921,C
105922,B
105923,D
105924,C
105925,C
105926,A
105927,C
105928,A
105929,D
105930,B
105931,B
105932,B
105933,A
105934,A
105935,C
105936,D
105937,B
105938,D
105939,A
105940,C
105941,A
105942,C
105943,A
105944,A
105945,D
105946,D
105947,D
105948,C
105949,A
105950,D
105951,D
105952,A
105953,D
105954,D
105955,B
105956,B
105957,B
105958,D
105959,A
105960,A
105961,D
105962,B
105963,A
105964,D
105965,B
105966,B
105967,C
105968,C
105969,C
105970,B
105971,A
105972,C
105973,A
105974,D
105975,C
105976,D
105977,C
105978,C
105979,B
105980,B
105981,A
105982,D
105983,D
105984,C
105985,A
105986,D
105987,A
105988,B
105989,A
105990,C
105991,D
105992,D
105993,C
105994,D
105995,A
105996,D
105997,C
105998,D
105999,D
106000,D
106001,C
106002,C
106003,D
106004,D
106005,A
106006,B
106007,A
106008,B
106009,C
106010,D
106011,B
106012,A
106013,D
106014,C
106015,C
106016,B
106017,D
106018,C
106019,C
106020,C
106021,B
106022,C
106023,A
106024,C
106025,D
106026,C
106027,D
106028,C
106029,A
106030,D
106031,A
106032,C
106033,D
106034,B
106035,A
106036,C
106037,D
106038,C
106039,A
106040,B
106041,C
106042,A
106043,A
106044,B
106045,A
106046,B
106047,C
106048,D
106049,B
106050,D
106051,A
106052,B
106053,A
106054,B
106055,B
106056,D
106057,B
106058,D
106059,A
106060,A
106061,D
106062,C
106063,A
106064,B
106065,A
106066,A
106067,D
106068,D
106069,D
106070,A
106071,C
106072,D
106073,A
106074,A
106075,B
106076,B
106077,A
106078,A
106079,A
106080,D
106081,A
106082,B
106083,C
106084,D
106085,D
106086,A
106087,C
106088,A
106089,D
106090,B
106091,C
106092,D
106093,A
106094,B
106095,A
106096,B
106097,B
106098,C
106099,A
106100,D
106101,D
106102,A
106103,C
106104,A
106105,A
106106,C
106107,C
106108,B
106109,A
106110,B
106111,D
106112,D
106113,D
106114,D
106115,B
106116,A
106117,B
106118,C
106119,D
106120,B
106121,A
106122,C
106123,B
106124,D
106125,A
106126,C
106127,A
106128,B
106129,D
106130,B
106131,C
106132,B
106133,D
106134,A
106135,D
106136,B
106137,B
106138,D
106139,A
106140,C
106141,A
106142,D
106143,A
106144,D
106145,D
106146,A
106147,D
106148,B
106149,C
106150,D
106151,C
106152,A
106153,A
106154,B
106155,B
106156,C
106157,A
106158,D
106159,C
106160,B
106161,A
106162,B
106163,B
106164,C
106165,D
106166,C
106167,D
106168,C
106169,B
106170,B
106171,C
106172,C
106173,C
106174,B
106175,B
106176,C
106177,C
106178,C
106179,D
106180,D
106181,D
106182,B
106183,C
106184,A
106185,C
106186,A
106187,C
106188,D
106189,D
106190,D
106191,B
106192,A
106193,C
106194,A
106195,B
106196,D
106197,B
106198,A
106199,B
106200,D
106201,A
106202,B
106203,B
106204,B
106205,C
106206,C
106207,B
106208,B
106209,A
106210,C
106211,D
106212,A
106213,B
106214,C
106215,D
106216,C
106217,C
106218,C
106219,D
106220,D
106221,D
106222,A
106223,C
106224,B
106225,C
106226,D
106227,D
106228,B
106229,A
106230,D
106231,A
106232,D
106233,B
106234,A
106235,D
106236,C
106237,B
106238,D
106239,B
106240,C
106241,A
106242,A
106243,C
106244,D
106245,C
106246,B
106247,B
106248,B
106249,D
106250,B
106251,A
106252,A
106253,D
106254,B
106255,A
106256,D
106257,A
106258,C
106259,B
106260,C
106261,C
106262,C
106263,D
106264,A
106265,C
106266,D
106267,C
106268,C
106269,C
106270,D
106271,C
106272,C
106273,A
106274,C
106275,A
106276,D
106277,B
106278,D
106279,C
106280,D
106281,B
106282,B
106283,D
106284,C
106285,D
106286,C
106287,C
106288,D
106289,D
106290,C
106291,A
106292,A
106293,D
106294,A
106295,A
106296,A
106297,A
106298,D
106299,C
106300,D
106301,A
106302,D
106303,C
106304,D
106305,D
106306,B
106307,D
106308,C
106309,C
106310,B
106311,D
106312,B
106313,B
106314,A
106315,C
106316,B
106317,B
106318,D
106319,B
106320,C
106321,C
106322,A
106323,D
106324,B
106325,D
106326,A
106327,B
106328,A
106329,B
106330,B
106331,B
106332,C
106333,B
106334,D
106335,D
106336,D
106337,D
106338,C
106339,C
106340,C
106341,C
106342,A
106343,D
106344,C
106345,C
106346,B
106347,D
106348,B
106349,D
106350,A
106351,C
106352,D
106353,D
106354,B
106355,D
106356,C
106357,B
106358,D
106359,D
106360,D
106361,C
106362,D
106363,D
106364,A
106365,D
106366,B
106367,B
106368,C
106369,C
106370,D
106371,D
106372,D
106373,C
106374,C
106375,B
106376,D
106377,D
106378,A
106379,C
106380,B
106381,A
106382,D
106383,B
106384,B
106385,A
106386,A
106387,B
106388,A
106389,D
106390,C
106391,D
106392,D
106393,B
106394,C
106395,C
106396,C
106397,C
106398,C
106399,D
106400,D
106401,A
106402,A
106403,A
106404,B
106405,B
106406,C
106407,A
106408,B
106409,A
106410,C
106411,C
106412,D
106413,B
106414,C
106415,D
106416,C
106417,D
106418,D
106419,B
106420,A
106421,B
106422,C
106423,A
106424,B
106425,D
106426,A
106427,A
106428,D
106429,D
106430,B
106431,D
106432,C
106433,B
106434,D
106435,C
106436,B
106437,C
106438,B
106439,D
106440,A
106441,B
106442,A
106443,C
106444,A
106445,B
106446,C
106447,B
106448,B
106449,A
106450,D
106451,D
106452,B
106453,C
106454,D
106455,C
106456,B
106457,D
106458,D
106459,B
106460,C
106461,B
106462,A
106463,B
106464,A
106465,A
106466,B
106467,D
106468,B
106469,A
106470,D
106471,C
106472,B
106473,A
106474,A
106475,C
106476,B
106477,D
106478,B
106479,D
106480,B
106481,B
106482,A
106483,B
106484,A
106485,C
106486,A
106487,C
106488,B
106489,A
106490,B
106491,B
106492,A
106493,C
106494,A
106495,B
106496,D
106497,B
106498,A
106499,C
106500,C
106501,C
106502,D
106503,B
106504,B
106505,A
106506,B
106507,A
106508,A
106509,A
106510,C
106511,C
106512,B
106513,D
106514,B
106515,C
106516,C
106517,D
106518,A
106519,C
106520,C
106521,D
106522,C
106523,D
106524,B
106525,B
106526,B
106527,A
106528,A
106529,A
106530,D
106531,D
106532,A
106533,B
106534,B
106535,D
106536,C
106537,B
106538,D
106539,B
106540,C
106541,D
106542,D
106543,C
106544,C
106545,D
106546,D
106547,A
106548,C
106549,C
106550,A
106551,A
106552,A
106553,A
106554,C
106555,B
106556,B
106557,B
106558,B
106559,D
106560,D
106561,B
106562,D
106563,B
106564,D
106565,D
106566,C
106567,B
106568,C
106569,B
106570,C
106571,D
106572,A
106573,D
106574,B
106575,A
106576,D
106577,B
106578,C
106579,A
106580,A
106581,B
106582,D
106583,B
106584,B
106585,B
106586,A
106587,D
106588,B
106589,C
106590,D
106591,A
106592,A
106593,D
106594,B
106595,C
106596,C
106597,D
106598,C
106599,A
106600,B
106601,D
106602,B
106603,D
106604,A
106605,B
106606,D
106607,B
106608,A
106609,D
106610,D
106611,B
106612,B
106613,A
106614,D
106615,C
106616,A
106617,A
106618,C
106619,A
106620,C
106621,A
106622,C
106623,C
106624,B
106625,D
106626,D
106627,C
106628,A
106629,A
106630,D
106631,D
106632,C
106633,B
106634,A
106635,B
106636,C
106637,C
106638,D
106639,A
106640,C
106641,B
106642,A
106643,A
106644,C
106645,C
106646,B
106647,A
106648,D
106649,D
106650,A
106651,C
106652,A
106653,C
106654,C
106655,B
106656,C
106657,C
106658,B
106659,C
106660,D
106661,B
106662,C
106663,A
106664,C
106665,D
106666,C
106667,A
106668,D
106669,A
106670,C
106671,B
106672,C
106673,A
106674,B
106675,B
106676,B
106677,B
106678,C
106679,B
106680,A
106681,C
106682,B
106683,C
106684,A
106685,A
106686,A
106687,B
106688,D
106689,A
106690,C
106691,B
106692,A
106693,B
106694,A
106695,B
106696,C
106697,D
106698,C
106699,C
106700,A
106701,B
106702,B
106703,B
106704,A
106705,C
106706,A
106707,B
106708,A
106709,B
106710,C
106711,B
106712,D
106713,A
106714,C
106715,D
106716,C
106717,A
106718,C
106719,A
106720,A
106721,B
106722,A
106723,A
106724,D
106725,A
106726,A
106727,B
106728,A
106729,B
106730,A
106731,A
106732,D
106733,B
106734,C
106735,C
106736,B
106737,B
106738,D
106739,B
106740,A
106741,A
106742,B
106743,C
106744,C
106745,B
106746,B
106747,A
106748,D
106749,C
106750,D
106751,D
106752,B
106753,C
106754,D
106755,B
106756,D
106757,A
106758,B
106759,C
106760,C
106761,A
106762,C
106763,D
106764,A
106765,A
106766,A
106767,D
106768,C
106769,D
106770,C
106771,D
106772,B
106773,C
106774,C
106775,A
106776,C
106777,D
106778,C
106779,C
106780,B
106781,C
106782,D
106783,A
106784,C
106785,A
106786,B
106787,A
106788,A
106789,A
106790,A
106791,A
106792,A
106793,C
106794,D
106795,C
106796,B
106797,B
106798,C
106799,A
106800,B
106801,A
106802,A
106803,A
106804,C
106805,B
106806,A
106807,A
106808,A
106809,A
106810,D
106811,D
106812,B
106813,A
106814,B
106815,D
106816,A
106817,A
106818,C
106819,A
106820,A
106821,D
106822,C
106823,C
106824,D
106825,D
106826,B
106827,C
106828,C
106829,C
106830,C
106831,C
106832,D
106833,D
106834,A
106835,D
106836,B
106837,B
106838,C
106839,C
106840,B
106841,A
106842,B
106843,C
106844,D
106845,D
106846,B
106847,A
106848,D
106849,D
106850,A
106851,A
106852,C
106853,A
106854,A
106855,A
106856,B
106857,B
106858,A
106859,B
106860,A
106861,C
106862,D
106863,A
106864,C
106865,D
106866,A
106867,C
106868,C
106869,A
106870,A
106871,A
106872,B
106873,D
106874,A
106875,A
106876,A
106877,B
106878,D
106879,C
106880,B
106881,D
106882,D
106883,D
106884,D
106885,A
106886,A
106887,B
106888,C
106889,A
106890,D
106891,A
106892,B
106893,B
106894,A
106895,D
106896,B
106897,C
106898,A
106899,D
106900,D
106901,A
106902,A
106903,D
106904,C
106905,D
106906,C
106907,B
106908,B
106909,B
106910,A
106911,C
106912,C
106913,A
106914,C
106915,A
106916,D
106917,B
106918,A
106919,C
106920,D
106921,B
106922,B
106923,D
106924,A
106925,A
106926,D
106927,A
106928,A
106929,D
106930,B
106931,D
106932,A
106933,D
106934,A
106935,B
106936,C
106937,D
106938,A
106939,C
106940,C
106941,B
106942,C
106943,D
106944,C
106945,D
106946,A
106947,A
106948,B
106949,C
106950,C
106951,B
106952,D
106953,C
106954,C
106955,D
106956,C
106957,B
106958,C
106959,A
106960,A
106961,C
106962,B
106963,C
106964,B
106965,B
106966,C
106967,A
106968,D
106969,A
106970,B
106971,D
106972,B
106973,B
106974,C
106975,C
106976,A
106977,B
106978,A
106979,B
106980,A
106981,A
106982,D
106983,B
106984,A
106985,B
106986,B
106987,C
106988,A
106989,D
106990,D
106991,C
106992,C
106993,C
106994,B
106995,A
106996,C
106997,B
106998,C
106999,A
107000,C
107001,A
107002,C
107003,C
107004,A
107005,A
107006,A
107007,A
107008,D
107009,D
107010,B
107011,A
107012,C
107013,A
107014,D
107015,C
107016,C
107017,C
107018,C
107019,B
107020,D
107021,A
107022,D
107023,D
107024,A
107025,B
107026,C
107027,B
107028,D
107029,A
107030,D
107031,C
107032,B
107033,B
107034,B
107035,D
107036,A
107037,A
107038,A
107039,D
107040,A
107041,C
107042,C
107043,B
107044,A
107045,A
107046,A
107047,B
107048,A
107049,A
107050,A
107051,B
107052,B
107053,B
107054,A
107055,B
107056,B
107057,B
107058,A
107059,A
107060,D
107061,B
107062,B
107063,D
107064,B
107065,D
107066,A
107067,D
107068,D
107069,C
107070,B
107071,D
107072,C
107073,C
107074,C
107075,D
107076,A
107077,C
107078,B
107079,B
107080,D
107081,A
107082,A
107083,B
107084,C
107085,C
107086,D
107087,D
107088,C
107089,B
107090,A
107091,A
107092,A
107093,B
107094,C
107095,C
107096,C
107097,C
107098,A
107099,D
107100,B
107101,A
107102,B
107103,A
107104,A
107105,D
107106,B
107107,B
107108,C
107109,B
107110,D
107111,C
107112,A
107113,A
107114,C
107115,A
107116,C
107117,B
107118,D
107119,D
107120,B
107121,C
107122,D
107123,B
107124,D
107125,B
107126,B
107127,B
107128,A
107129,C
107130,C
107131,A
107132,D
107133,A
107134,A
107135,C
107136,B
107137,D
107138,D
107139,A
107140,A
107141,B
107142,D
107143,B
107144,A
107145,D
107146,C
107147,B
107148,B
107149,B
107150,B
107151,A
107152,B
107153,C
107154,D
107155,C
107156,D
107157,B
107158,C
107159,B
107160,D
107161,B
107162,C
107163,D
107164,A
107165,C
107166,D
107167,C
107168,C
107169,D
107170,D
107171,C
107172,B
107173,D
107174,B
107175,D
107176,B
107177,C
107178,D
107179,D
107180,B
107181,A
107182,D
107183,D
107184,B
107185,A
107186,A
107187,A
107188,A
107189,C
107190,D
107191,B
107192,D
107193,B
107194,B
107195,B
107196,D
107197,D
107198,D
107199,B
107200,B
107201,D
107202,B
107203,C
107204,D
107205,D
107206,A
107207,B
107208,B
107209,B
107210,D
107211,B
107212,B
107213,C
107214,A
107215,A
107216,D
107217,D
107218,A
107219,B
107220,A
107221,A
107222,C
107223,B
107224,C
107225,D
107226,B
107227,C
107228,B
107229,B
107230,D
107231,A
107232,C
107233,C
107234,D
107235,B
107236,B
107237,C
107238,B
107239,D
107240,C
107241,C
107242,B
107243,D
107244,A
107245,C
107246,C
107247,D
107248,B
107249,B
107250,D
107251,A
107252,A
107253,D
107254,A
107255,C
107256,A
107257,A
107258,B
107259,D
107260,B
107261,B
107262,D
107263,D
107264,B
107265,C
107266,B
107267,B
107268,C
107269,A
107270,C
107271,A
107272,C
107273,D
107274,A
107275,D
107276,D
107277,D
107278,A
107279,D
107280,A
107281,A
107282,C
107283,B
107284,D
107285,C
107286,B
107287,B
107288,D
107289,C
107290,D
107291,A
107292,A
107293,B
107294,A
107295,A
107296,D
107297,A
107298,D
107299,A
107300,A
107301,A
107302,B
107303,D
107304,C
107305,B
107306,C
107307,C
107308,B
107309,B
107310,A
107311,A
107312,A
107313,A
107314,B
107315,D
107316,B
107317,B
107318,A
107319,B
107320,C
107321,C
107322,D
107323,B
107324,B
107325,B
107326,D
107327,C
107328,C
107329,D
107330,C
107331,D
107332,B
107333,B
107334,A
107335,A
107336,B
107337,B
107338,D
107339,B
107340,B
107341,C
107342,B
107343,C
107344,A
107345,C
107346,B
107347,A
107348,C
107349,D
107350,D
107351,D
107352,C
107353,A
107354,A
107355,D
107356,D
107357,A
107358,C
107359,D
107360,A
107361,D
107362,C
107363,A
107364,A
107365,A
107366,A
107367,C
107368,B
107369,D
107370,C
107371,D
107372,A
107373,A
107374,D
107375,D
107376,D
107377,B
107378,C
107379,B
107380,A
107381,C
107382,D
107383,C
107384,C
107385,B
107386,B
107387,A
107388,A
107389,C
107390,B
107391,C
107392,C
107393,A
107394,B
107395,C
107396,B
107397,D
107398,D
107399,B
107400,D
107401,A
107402,B
107403,B
107404,A
107405,A
107406,D
107407,B
107408,C
107409,D
107410,A
107411,B
107412,D
107413,A
107414,B
107415,D
107416,A
107417,D
107418,D
107419,A
107420,C
107421,A
107422,B
107423,C
107424,C
107425,B
107426,B
107427,A
107428,C
107429,A
107430,D
107431,D
107432,B
107433,A
107434,C
107435,D
107436,C
107437,B
107438,B
107439,A
107440,A
107441,D
107442,B
107443,A
107444,A
107445,C
107446,C
107447,D
107448,A
107449,A
107450,C
107451,C
107452,C
107453,A
107454,C
107455,B
107456,C
107457,C
107458,B
107459,D
107460,C
107461,D
107462,A
107463,D
107464,C
107465,B
107466,C
107467,D
107468,A
107469,B
107470,C
107471,D
107472,D
107473,C
107474,B
107475,D
107476,A
107477,B
107478,D
107479,D
107480,A
107481,A
107482,C
107483,D
107484,B
107485,B
107486,C
107487,B
107488,C
107489,D
107490,B
107491,C
107492,A
107493,A
107494,C
107495,B
107496,A
107497,B
107498,C
107499,C
107500,A
107501,B
107502,D
107503,B
107504,A
107505,C
107506,C
107507,A
107508,D
107509,B
107510,B
107511,D
107512,A
107513,C
107514,C
107515,B
107516,D
107517,A
107518,D
107519,B
107520,D
107521,B
107522,A
107523,B
107524,D
107525,A
107526,D
107527,D
107528,C
107529,C
107530,D
107531,A
107532,C
107533,B
107534,D
107535,A
107536,D
107537,B
107538,A
107539,C
107540,C
107541,B
107542,B
107543,C
107544,C
107545,A
107546,D
107547,D
107548,D
107549,D
107550,A
107551,A
107552,B
107553,D
107554,B
107555,C
107556,B
107557,A
107558,C
107559,A
107560,C
107561,A
107562,A
107563,D
107564,A
107565,B
107566,B
107567,C
107568,D
107569,A
107570,A
107571,C
107572,C
107573,A
107574,B
107575,B
107576,C
107577,A
107578,C
107579,D
107580,B
107581,C
107582,C
107583,C
107584,B
107585,A
107586,B
107587,B
107588,C
107589,D
107590,C
107591,A
107592,B
107593,B
107594,C
107595,D
107596,B
107597,D
107598,B
107599,D
107600,B
107601,D
107602,A
107603,D
107604,B
107605,D
107606,A
107607,C
107608,B
107609,A
107610,A
107611,D
107612,A
107613,D
107614,C
107615,C
107616,A
107617,A
107618,B
107619,A
107620,D
107621,A
107622,A
107623,B
107624,B
107625,B
107626,C
107627,A
107628,A
107629,D
107630,D
107631,A
107632,B
107633,B
107634,D
107635,C
107636,A
107637,B
107638,D
107639,A
107640,A
107641,B
107642,C
107643,D
107644,A
107645,A
107646,D
107647,B
107648,A
107649,B
107650,A
107651,C
107652,B
107653,A
107654,B
107655,D
107656,C
107657,D
107658,D
107659,A
107660,D
107661,D
107662,D
107663,D
107664,D
107665,B
107666,D
107667,C
107668,A
107669,A
107670,D
107671,A
107672,B
107673,D
107674,B
107675,C
107676,D
107677,A
107678,D
107679,B
107680,B
107681,A
107682,D
107683,B
107684,D
107685,D
107686,B
107687,A
107688,A
107689,A
107690,D
107691,A
107692,D
107693,D
107694,A
107695,B
107696,A
107697,D
107698,B
107699,C
107700,C
107701,D
107702,B
107703,C
107704,B
107705,D
107706,C
107707,B
107708,C
107709,B
107710,A
107711,D
107712,A
107713,D
107714,B
107715,D
107716,C
107717,D
107718,D
107719,C
107720,D
107721,B
107722,C
107723,A
107724,B
107725,B
107726,C
107727,D
107728,C
107729,D
107730,B
107731,B
107732,A
107733,A
107734,B
107735,C
107736,C
107737,C
107738,C
107739,D
107740,B
107741,A
107742,A
107743,A
107744,A
107745,C
107746,B
107747,C
107748,B
107749,B
107750,B
107751,D
107752,C
107753,C
107754,B
107755,A
107756,C
107757,C
107758,A
107759,C
107760,D
107761,C
107762,C
107763,A
107764,B
107765,C
107766,D
107767,A
107768,C
107769,A
107770,D
107771,B
107772,C
107773,D
107774,D
107775,C
107776,D
107777,D
107778,D
107779,D
107780,A
107781,D
107782,D
107783,B
107784,C
107785,C
107786,C
107787,D
107788,B
107789,A
107790,C
107791,C
107792,B
107793,D
107794,A
107795,A
107796,D
107797,B
107798,C
107799,B
107800,D
107801,A
107802,A
107803,C
107804,A
107805,A
107806,D
107807,A
107808,C
107809,B
107810,A
107811,A
107812,D
107813,B
107814,D
107815,D
107816,C
107817,D
107818,A
107819,B
107820,D
107821,B
107822,C
107823,D
107824,B
107825,D
107826,D
107827,D
107828,D
107829,C
107830,C
107831,C
107832,A
107833,C
107834,C
107835,A
107836,A
107837,D
107838,B
107839,C
107840,C
107841,D
107842,D
107843,C
107844,D
107845,A
107846,A
107847,B
107848,C
107849,B
107850,B
107851,D
107852,C
107853,C
107854,C
107855,B
107856,C
107857,D
107858,D
107859,C
107860,C
107861,B
107862,C
107863,A
107864,C
107865,B
107866,C
107867,C
107868,C
107869,D
107870,B
107871,C
107872,A
107873,B
107874,B
107875,A
107876,A
107877,A
107878,A
107879,A
107880,A
107881,A
107882,D
107883,C
107884,C
107885,D
107886,D
107887,B
107888,A
107889,B
107890,A
107891,A
107892,C
107893,D
107894,B
107895,B
107896,D
107897,B
107898,D
107899,D
107900,A
107901,A
107902,C
107903,A
107904,B
107905,A
107906,B
107907,A
107908,D
107909,A
107910,A
107911,D
107912,C
107913,D
107914,A
107915,B
107916,B
107917,C
107918,B
107919,A
107920,D
107921,A
107922,B
107923,D
107924,C
107925,B
107926,A
107927,D
107928,B
107929,D
107930,D
107931,A
107932,D
107933,A
107934,A
107935,B
107936,A
107937,A
107938,B
107939,D
107940,D
107941,B
107942,C
107943,A
107944,B
107945,C
107946,D
107947,D
107948,A
107949,D
107950,D
107951,D
107952,D
107953,D
107954,D
107955,D
107956,D
107957,A
107958,B
107959,C
107960,D
107961,B
107962,D
107963,D
107964,A
107965,B
107966,C
107967,D
107968,D
107969,B
107970,C
107971,C
107972,C
107973,D
107974,D
107975,D
107976,B
107977,C
107978,C
107979,C
107980,D
107981,C
107982,B
107983,C
107984,A
107985,B
107986,A
107987,B
107988,A
107989,C
107990,A
107991,A
107992,A
107993,C
107994,D
107995,D
107996,A
107997,D
107998,B
107999,C
108000,D
108001,C
108002,B
108003,B
108004,B
108005,A
108006,A
108007,D
108008,C
108009,B
108010,B
108011,D
108012,A
108013,A
108014,B
108015,C
108016,D
108017,C
108018,B
108019,B
108020,D
108021,A
108022,B
108023,D
108024,B
108025,C
108026,A
108027,B
108028,C
108029,A
108030,C
108031,A
108032,A
108033,C
108034,B
108035,C
108036,C
108037,C
108038,C
108039,A
108040,B
108041,B
108042,B
108043,A
108044,A
108045,B
108046,C
108047,C
108048,A
108049,D
108050,A
108051,B
108052,C
108053,A
108054,A
108055,B
108056,B
108057,A
108058,D
108059,A
108060,C
108061,D
108062,D
108063,C
108064,D
108065,D
108066,D
108067,A
108068,D
108069,A
108070,D
108071,D
108072,D
108073,A
108074,C
108075,C
108076,A
108077,B
108078,D
108079,D
108080,A
108081,A
108082,C
108083,D
108084,B
108085,A
108086,C
108087,A
108088,C
108089,C
108090,B
108091,B
108092,B
108093,D
108094,B
108095,A
108096,C
108097,B
108098,D
108099,C
108100,B
108101,A
108102,C
108103,D
108104,A
108105,A
108106,C
108107,A
108108,D
108109,C
108110,C
108111,B
108112,C
108113,A
108114,D
108115,A
108116,B
108117,D
108118,B
108119,C
108120,C
108121,A
108122,D
108123,B
108124,D
108125,D
108126,C
108127,D
108128,D
108129,A
108130,B
108131,C
108132,D
108133,D
108134,D
108135,D
108136,B
108137,D
108138,C
108139,A
108140,B
108141,B
108142,B
108143,C
108144,A
108145,B
108146,D
108147,C
108148,B
108149,C
108150,C
108151,D
108152,A
108153,B
108154,B
108155,A
108156,C
108157,A
108158,B
108159,D
108160,D
108161,A
108162,D
108163,D
108164,B
108165,C
108166,D
108167,A
108168,B
108169,B
108170,B
108171,C
108172,C
108173,D
108174,B
108175,B
108176,C
108177,A
108178,B
108179,D
108180,A
108181,D
108182,B
108183,D
108184,A
108185,D
108186,C
108187,D
108188,A
108189,B
108190,A
108191,A
108192,C
108193,C
108194,B
108195,B
108196,D
108197,C
108198,C
108199,B
108200,C
108201,D
108202,B
108203,C
108204,C
108205,B
108206,A
108207,C
108208,A
108209,D
108210,D
108211,D
108212,D
108213,D
108214,D
108215,B
108216,C
108217,C
108218,C
108219,A
108220,D
108221,B
108222,C
108223,D
108224,A
108225,C
108226,C
108227,A
108228,A
108229,A
108230,B
108231,A
108232,C
108233,A
108234,D
108235,D
108236,C
108237,A
108238,A
108239,B
108240,A
108241,B
108242,A
108243,A
108244,D
108245,C
108246,C
108247,C
108248,D
108249,D
108250,A
108251,C
108252,B
108253,C
108254,D
108255,A
108256,B
108257,D
108258,B
108259,A
108260,B
108261,C
108262,C
108263,A
108264,C
108265,A
108266,C
108267,C
108268,D
108269,D
108270,D
108271,B
108272,A
108273,D
108274,D
108275,C
108276,A
108277,C
108278,D
108279,A
108280,D
108281,D
108282,C
108283,B
108284,A
108285,B
108286,B
108287,D
108288,B
108289,B
108290,D
108291,D
108292,A
108293,C
108294,A
108295,D
108296,D
108297,A
108298,C
108299,C
108300,B
108301,A
108302,D
108303,D
108304,B
108305,D
108306,C
108307,C
108308,C
108309,D
108310,C
108311,D
108312,C
108313,D
108314,C
108315,A
108316,B
108317,A
108318,B
108319,A
108320,C
108321,D
108322,B
108323,C
108324,C
108325,B
108326,A
108327,B
108328,A
108329,D
108330,B
108331,C
108332,A
108333,C
108334,C
108335,C
108336,C
108337,A
108338,D
108339,B
108340,A
108341,A
108342,C
108343,A
108344,C
108345,A
108346,A
108347,A
108348,B
108349,D
108350,C
108351,D
108352,B
108353,D
108354,D
108355,B
108356,B
108357,D
108358,A
108359,C
108360,C
108361,D
108362,D
108363,D
108364,D
108365,C
108366,B
108367,C
108368,B
108369,D
108370,C
108371,B
108372,A
108373,B
108374,B
108375,D
108376,C
108377,B
108378,A
108379,A
108380,C
108381,B
108382,A
108383,C
108384,C
108385,D
108386,C
108387,A
108388,A
108389,D
108390,C
108391,C
108392,C
108393,B
108394,B
108395,C
108396,B
108397,B
108398,D
108399,C
108400,A
108401,A
108402,B
108403,A
108404,A
108405,C
108406,C
108407,C
108408,D
108409,D
108410,D
108411,B
108412,D
108413,A
108414,A
108415,C
108416,D
108417,B
108418,C
108419,B
108420,C
108421,B
108422,C
108423,C
108424,D
108425,B
108426,C
108427,D
108428,C
108429,B
108430,C
108431,D
108432,D
108433,B
108434,D
108435,D
108436,A
108437,A
108438,A
108439,C
108440,C
108441,B
108442,C
108443,C
108444,B
108445,D
108446,D
108447,B
108448,C
108449,B
108450,C
108451,B
108452,B
108453,B
108454,D
108455,A
108456,A
108457,A
108458,D
108459,A
108460,D
108461,C
108462,D
108463,A
108464,B
108465,C
108466,A
108467,A
108468,A
108469,D
108470,A
108471,B
108472,C
108473,C
108474,C
108475,A
108476,D
108477,D
108478,B
108479,C
108480,B
108481,B
108482,B
108483,D
108484,C
108485,A
108486,B
108487,D
108488,B
108489,B
108490,C
108491,C
108492,D
108493,C
108494,B
108495,A
108496,C
108497,A
108498,D
108499,B
108500,C
108501,D
108502,B
108503,C
108504,D
108505,A
108506,B
108507,A
108508,B
108509,D
108510,C
108511,B
108512,A
108513,A
108514,D
108515,D
108516,A
108517,A
108518,A
108519,C
108520,D
108521,B
108522,C
108523,D
108524,A
108525,C
108526,A
108527,A
108528,B
108529,D
108530,D
108531,D
108532,B
108533,B
108534,D
108535,B
108536,D
108537,D
108538,D
108539,A
108540,A
108541,B
108542,D
108543,C
108544,A
108545,A
108546,C
108547,A
108548,D
108549,D
108550,B
108551,A
108552,D
108553,C
108554,A
108555,A
108556,C
108557,D
108558,A
108559,B
108560,C
108561,D
108562,D
108563,C
108564,A
108565,B
108566,C
108567,C
108568,C
108569,C
108570,D
108571,A
108572,C
108573,A
108574,D
108575,C
108576,B
108577,C
108578,D
108579,D
108580,D
108581,C
108582,C
108583,D
108584,A
108585,B
108586,B
108587,C
108588,A
108589,C
108590,D
108591,A
108592,B
108593,B
108594,B
108595,C
108596,D
108597,D
108598,B
108599,B
108600,B
108601,C
108602,D
108603,A
108604,B
108605,B
108606,B
108607,D
108608,D
108609,C
108610,B
108611,B
108612,A
108613,B
108614,C
108615,A
108616,A
108617,D
108618,D
108619,D
108620,B
108621,D
108622,B
108623,A
108624,A
108625,A
108626,A
108627,A
108628,D
108629,D
108630,B
108631,D
108632,A
108633,D
108634,C
108635,A
108636,D
108637,C
108638,D
108639,C
108640,D
108641,A
108642,D
108643,C
108644,D
108645,A
108646,C
108647,D
108648,D
108649,A
108650,D
108651,A
108652,C
108653,D
108654,D
108655,A
108656,A
108657,D
108658,C
108659,D
108660,C
108661,A
108662,D
108663,A
108664,D
108665,A
108666,D
108667,C
108668,D
108669,D
108670,A
108671,B
108672,C
108673,B
108674,B
108675,A
108676,B
108677,C
108678,C
108679,A
108680,A
108681,C
108682,B
108683,A
108684,B
108685,D
108686,B
108687,C
108688,C
108689,A
108690,A
108691,C
108692,C
108693,D
108694,D
108695,A
108696,D
108697,B
108698,A
108699,B
108700,B
108701,B
108702,D
108703,B
108704,D
108705,D
108706,B
108707,B
108708,B
108709,C
108710,B
108711,A
108712,D
108713,B
108714,D
108715,C
108716,C
108717,B
108718,D
108719,B
108720,B
108721,B
108722,C
108723,B
108724,D
108725,C
108726,A
108727,C
108728,D
108729,B
108730,C
108731,D
108732,C
108733,C
108734,C
108735,C
108736,D
108737,C
108738,A
108739,C
108740,B
108741,D
108742,C
108743,C
108744,A
108745,B
108746,A
108747,B
108748,D
108749,A
108750,C
108751,B
108752,C
108753,A
108754,C
108755,B
108756,D
108757,D
108758,B
108759,C
108760,A
108761,C
108762,D
108763,D
108764,B
108765,B
108766,B
108767,D
108768,D
108769,B
108770,C
108771,D
108772,B
108773,D
108774,B
108775,D
108776,A
108777,D
108778,B
108779,A
108780,A
108781,C
108782,A
108783,C
108784,C
108785,D
108786,B
108787,A
108788,B
108789,A
108790,D
108791,D
108792,B
108793,C
108794,B
108795,C
108796,C
108797,A
108798,D
108799,D
108800,C
108801,A
108802,B
108803,B
108804,C
108805,D
108806,C
108807,A
108808,A
108809,A
108810,C
108811,A
108812,D
108813,C
108814,C
108815,B
108816,C
108817,B
108818,C
108819,B
108820,D
108821,B
108822,B
108823,D
108824,C
108825,C
108826,D
108827,D
108828,A
108829,B
108830,D
108831,C
108832,D
108833,A
108834,C
108835,C
108836,A
108837,B
108838,B
108839,A
108840,D
108841,D
108842,B
108843,B
108844,A
108845,C
108846,C
108847,A
108848,D
108849,B
108850,D
108851,D
108852,D
108853,C
108854,A
108855,D
108856,B
108857,D
108858,A
108859,A
108860,A
108861,D
108862,D
108863,D
108864,B
108865,D
108866,D
108867,C
108868,C
108869,A
108870,D
108871,C
108872,D
108873,B
108874,A
108875,C
108876,D
108877,B
108878,A
108879,D
108880,D
108881,A
108882,A
108883,B
108884,A
108885,C
108886,B
108887,C
108888,D
108889,D
108890,B
108891,A
108892,D
108893,B
108894,A
108895,C
108896,B
108897,A
108898,B
108899,A
108900,D
108901,B
108902,C
108903,D
108904,B
108905,D
108906,A
108907,C
108908,A
108909,C
108910,B
108911,C
108912,A
108913,B
108914,B
108915,A
108916,D
108917,D
108918,A
108919,B
108920,B
108921,A
108922,A
108923,C
108924,B
108925,D
108926,B
108927,D
108928,D
108929,D
108930,A
108931,D
108932,D
108933,A
108934,C
108935,D
108936,D
108937,D
108938,C
108939,B
108940,B
108941,D
108942,B
108943,D
108944,A
108945,A
108946,A
108947,D
108948,A
108949,D
108950,D
108951,C
108952,B
108953,D
108954,D
108955,C
108956,A
108957,A
108958,A
108959,D
108960,B
108961,C
108962,C
108963,D
108964,A
108965,A
108966,C
108967,C
108968,C
108969,B
108970,A
108971,A
108972,B
108973,B
108974,C
108975,A
108976,C
108977,B
108978,B
108979,C
108980,C
108981,A
108982,C
108983,B
108984,A
108985,B
108986,D
108987,A
108988,A
108989,A
108990,A
108991,B
108992,A
108993,C
108994,C
108995,C
108996,D
108997,C
108998,B
108999,C
109000,B
109001,B
109002,C
109003,D
109004,C
109005,A
109006,A
109007,D
109008,C
109009,D
109010,D
109011,D
109012,B
109013,B
109014,C
109015,B
109016,A
109017,A
109018,A
109019,C
109020,D
109021,C
109022,B
109023,B
109024,C
109025,A
109026,A
109027,B
109028,B
109029,C
109030,B
109031,A
109032,B
109033,B
109034,B
109035,D
109036,C
109037,D
109038,A
109039,C
109040,A
109041,C
109042,D
109043,C
109044,C
109045,A
109046,B
109047,D
109048,C
109049,B
109050,B
109051,A
109052,C
109053,A
109054,D
109055,A
109056,A
109057,A
109058,C
109059,D
109060,A
109061,B
109062,A
109063,D
109064,A
109065,C
109066,B
109067,B
109068,B
109069,B
109070,C
109071,B
109072,B
109073,B
109074,A
109075,A
109076,B
109077,D
109078,B
109079,A
109080,A
109081,A
109082,A
109083,D
109084,D
109085,C
109086,C
109087,C
109088,C
109089,A
109090,B
109091,D
109092,D
109093,A
109094,A
109095,A
109096,A
109097,D
109098,D
109099,B
109100,A
109101,B
109102,D
109103,A
109104,B
109105,A
109106,C
109107,D
109108,D
109109,B
109110,B
109111,D
109112,B
109113,B
109114,D
109115,B
109116,B
109117,A
109118,A
109119,A
109120,D
109121,A
109122,D
109123,D
109124,C
109125,A
109126,D
109127,D
109128,A
109129,A
109130,A
109131,A
109132,A
109133,A
109134,C
109135,A
109136,D
109137,B
109138,B
109139,C
109140,D
109141,C
109142,A
109143,C
109144,A
109145,B
109146,C
109147,D
109148,B
109149,B
109150,A
109151,C
109152,C
109153,D
109154,B
109155,A
109156,C
109157,B
109158,C
109159,B
109160,A
109161,A
109162,D
109163,A
109164,C
109165,A
109166,A
109167,D
109168,A
109169,B
109170,B
109171,C
109172,D
109173,D
109174,C
109175,C
109176,B
109177,A
109178,D
109179,B
109180,D
109181,A
109182,D
109183,C
109184,A
109185,B
109186,A
109187,B
109188,C
109189,C
109190,D
109191,B
109192,A
109193,C
109194,D
109195,C
109196,D
109197,B
109198,B
109199,A
109200,B
109201,A
109202,B
109203,A
109204,C
109205,A
109206,D
109207,B
109208,D
109209,C
109210,B
109211,B
109212,B
109213,B
109214,B
109215,B
109216,C
109217,D
109218,D
109219,B
109220,A
109221,B
109222,B
109223,A
109224,B
109225,C
109226,B
109227,C
109228,A
109229,A
109230,B
109231,D
109232,D
109233,A
109234,A
109235,B
109236,D
109237,B
109238,C
109239,A
109240,D
109241,B
109242,B
109243,C
109244,B
109245,A
109246,D
109247,D
109248,A
109249,C
109250,A
109251,C
109252,A
109253,D
109254,D
109255,A
109256,A
109257,C
109258,B
109259,B
109260,D
109261,B
109262,C
109263,C
109264,A
109265,D
109266,B
109267,B
109268,B
109269,C
109270,C
109271,C
109272,D
109273,B
109274,C
109275,C
109276,D
109277,A
109278,B
109279,C
109280,A
109281,B
109282,A
109283,B
109284,C
109285,C
109286,B
109287,D
109288,A
109289,C
109290,D
109291,A
109292,D
109293,A
109294,A
109295,D
109296,A
109297,A
109298,B
109299,A
109300,B
109301,C
109302,B
109303,D
109304,D
109305,D
109306,B
109307,A
109308,B
109309,B
109310,C
109311,D
109312,D
109313,B
109314,C
109315,D
109316,B
109317,A
109318,C
109319,D
109320,A
109321,B
109322,A
109323,C
109324,A
109325,C
109326,B
109327,A
109328,D
109329,B
109330,C
109331,A
109332,B
109333,A
109334,A
109335,D
109336,B
109337,D
109338,C
109339,A
109340,A
109341,D
109342,D
109343,B
109344,C
109345,A
109346,A
109347,B
109348,B
109349,D
109350,B
109351,A
109352,B
109353,A
109354,A
109355,B
109356,D
109357,B
109358,D
109359,C
109360,C
109361,B
109362,D
109363,C
109364,D
109365,B
109366,C
109367,A
109368,A
109369,C
109370,A
109371,D
109372,C
109373,C
109374,D
109375,B
109376,D
109377,C
109378,A
109379,B
109380,B
109381,A
109382,B
109383,C
109384,D
109385,A
109386,B
109387,C
109388,B
109389,D
109390,D
109391,C
109392,B
109393,B
109394,C
109395,A
109396,D
109397,A
109398,D
109399,B
109400,B
109401,A
109402,A
109403,D
109404,C
109405,C
109406,A
109407,B
109408,D
109409,B
109410,B
109411,D
109412,C
109413,B
109414,A
109415,A
109416,B
109417,C
109418,C
109419,A
109420,C
109421,C
109422,A
109423,A
109424,D
109425,B
109426,B
109427,B
109428,B
109429,C
109430,C
109431,D
109432,D
109433,B
109434,A
109435,C
109436,D
109437,D
109438,A
109439,B
109440,C
109441,B
109442,A
109443,C
109444,C
109445,D
109446,B
109447,C
109448,A
109449,D
109450,B
109451,B
109452,B
109453,A
109454,A
109455,B
109456,C
109457,C
109458,C
109459,C
109460,C
109461,B
109462,A
109463,D
109464,B
109465,C
109466,A
109467,A
109468,B
109469,D
109470,C
109471,A
109472,B
109473,C
109474,C
109475,C
109476,C
109477,B
109478,B
109479,B
109480,D
109481,A
109482,A
109483,C
109484,B
109485,A
109486,B
109487,D
109488,D
109489,D
109490,A
109491,B
109492,D
109493,D
109494,D
109495,C
109496,C
109497,A
109498,D
109499,A
109500,C
109501,A
109502,D
109503,B
109504,A
109505,C
109506,D
109507,A
109508,A
109509,C
109510,D
109511,C
109512,B
109513,C
109514,D
109515,C
109516,C
109517,A
109518,C
109519,D
109520,A
109521,D
109522,A
109523,B
109524,D
109525,B
109526,C
109527,B
109528,A
109529,D
109530,B
109531,D
109532,D
109533,C
109534,C
109535,A
109536,A
109537,B
109538,A
109539,B
109540,D
109541,B
109542,B
109543,B
109544,C
109545,B
109546,C
109547,D
109548,A
109549,C
109550,A
109551,D
109552,C
109553,D
109554,A
109555,B
109556,D
109557,C
109558,B
109559,C
109560,A
109561,C
109562,C
109563,C
109564,D
109565,B
109566,D
109567,C
109568,D
109569,D
109570,B
109571,A
109572,D
109573,C
109574,B
109575,D
109576,D
109577,B
109578,C
109579,C
109580,A
109581,D
109582,C
109583,B
109584,B
109585,B
109586,C
109587,C
109588,A
109589,A
109590,D
109591,A
109592,A
109593,D
109594,D
109595,A
109596,A
109597,B
109598,D
109599,D
109600,D
109601,A
109602,B
109603,D
109604,D
109605,B
109606,D
109607,A
109608,D
109609,B
109610,D
109611,C
109612,C
109613,B
109614,D
109615,A
109616,C
109617,A
109618,B
109619,B
109620,A
109621,B
109622,B
109623,A
109624,B
109625,B
109626,C
109627,D
109628,B
109629,D
109630,C
109631,A
109632,C
109633,D
109634,C
109635,D
109636,C
109637,B
109638,D
109639,A
109640,C
109641,D
109642,C
109643,A
109644,D
109645,C
109646,C
109647,A
109648,C
109649,A
109650,D
109651,B
109652,D
109653,B
109654,A
109655,A
109656,B
109657,A
109658,B
109659,C
109660,D
109661,C
109662,C
109663,A
109664,D
109665,C
109666,A
109667,D
109668,D
109669,C
109670,A
109671,C
109672,A
109673,A
109674,C
109675,D
109676,B
109677,D
109678,D
109679,B
109680,A
109681,A
109682,C
109683,B
109684,C
109685,C
109686,D
109687,A
109688,B
109689,B
109690,B
109691,B
109692,D
109693,A
109694,D
109695,A
109696,A
109697,B
109698,A
109699,B
109700,B
109701,C
109702,D
109703,D
109704,C
109705,A
109706,D
109707,C
109708,B
109709,C
109710,A
109711,A
109712,C
109713,B
109714,C
109715,A
109716,C
109717,B
109718,D
109719,A
109720,D
109721,A
109722,B
109723,A
109724,D
109725,C
109726,C
109727,D
109728,A
109729,A
109730,A
109731,C
109732,D
109733,B
109734,A
109735,D
109736,B
109737,C
109738,B
109739,D
109740,A
109741,D
109742,C
109743,A
109744,B
109745,B
109746,C
109747,C
109748,D
109749,D
109750,C
109751,C
109752,A
109753,A
109754,D
109755,C
109756,C
109757,B
109758,A
109759,A
109760,B
109761,C
109762,D
109763,C
109764,D
109765,D
109766,A
109767,C
109768,D
109769,D
109770,D
109771,A
109772,D
109773,B
109774,C
109775,A
109776,C
109777,A
109778,A
109779,C
109780,B
109781,A
109782,B
109783,B
109784,D
109785,B
109786,D
109787,D
109788,C
109789,C
109790,C
109791,A
109792,C
109793,C
109794,A
109795,D
109796,D
109797,A
109798,C
109799,A
109800,A
109801,D
109802,A
109803,A
109804,A
109805,D
109806,A
109807,D
109808,D
109809,B
109810,C
109811,D
109812,A
109813,B
109814,C
109815,D
109816,D
109817,C
109818,B
109819,D
109820,C
109821,B
109822,D
109823,D
109824,B
109825,D
109826,C
109827,B
109828,C
109829,A
109830,B
109831,D
109832,B
109833,B
109834,C
109835,D
109836,D
109837,C
109838,A
109839,D
109840,B
109841,C
109842,C
109843,A
109844,C
109845,A
109846,C
109847,B
109848,A
109849,B
109850,A
109851,D
109852,B
109853,D
109854,D
109855,C
109856,C
109857,C
109858,B
109859,C
109860,A
109861,B
109862,D
109863,A
109864,D
109865,B
109866,C
109867,A
109868,C
109869,B
109870,A
109871,D
109872,D
109873,D
109874,D
109875,B
109876,C
109877,D
109878,C
109879,A
109880,D
109881,B
109882,C
109883,D
109884,A
109885,B
109886,A
109887,D
109888,C
109889,D
109890,A
109891,D
109892,C
109893,A
109894,A
109895,D
109896,B
109897,D
109898,D
109899,D
109900,D
109901,C
109902,B
109903,A
109904,D
109905,A
109906,D
109907,A
109908,C
109909,B
109910,B
109911,A
109912,C
109913,D
109914,A
109915,C
109916,C
109917,D
109918,A
109919,A
109920,B
109921,C
109922,D
109923,C
109924,B
109925,D
109926,B
109927,C
109928,D
109929,D
109930,C
109931,D
109932,C
109933,C
109934,C
109935,C
109936,D
109937,C
109938,B
109939,D
109940,D
109941,D
109942,C
109943,D
109944,C
109945,B
109946,C
109947,D
109948,D
109949,C
109950,C
109951,A
109952,B
109953,B
109954,D
109955,A
109956,D
109957,B
109958,A
109959,D
109960,D
109961,B
109962,A
109963,C
109964,B
109965,D
109966,B
109967,B
109968,A
109969,C
109970,C
109971,C
109972,B
109973,C
109974,C
109975,B
109976,A
109977,A
109978,B
109979,A
109980,B
109981,C
109982,D
109983,C
109984,C
109985,B
109986,A
109987,C
109988,C
109989,B
109990,C
109991,C
109992,D
109993,B
109994,D
109995,C
109996,B
109997,D
109998,A
109999,A
110000,B
110001,B
110002,A
110003,D
110004,D
110005,C
110006,B
110007,C
110008,B
110009,D
110010,B
110011,A
110012,B
110013,B
110014,B
110015,B
110016,C
110017,A
110018,C
110019,A
110020,A
110021,C
110022,D
110023,B
110024,D
110025,C
110026,D
110027,B
110028,D
110029,A
110030,D
110031,B
110032,A
110033,D
110034,C
110035,C
110036,C
110037,D
110038,D
110039,C
110040,C
110041,A
110042,C
110043,B
110044,D
110045,C
110046,A
110047,C
110048,A
110049,A
110050,D
110051,D
110052,B
110053,A
110054,D
110055,D
110056,A
110057,D
110058,C
110059,C
110060,B
110061,B
110062,D
110063,B
110064,D
110065,A
110066,B
110067,D
110068,B
110069,D
110070,C
110071,B
110072,B
110073,A
110074,A
110075,A
110076,A
110077,A
110078,A
110079,B
110080,A
110081,C
110082,C
110083,B
110084,D
110085,D
110086,A
110087,B
110088,D
110089,C
110090,C
110091,C
110092,A
110093,A
110094,B
110095,B
110096,C
110097,C
110098,A
110099,A
110100,A
110101,C
110102,D
110103,A
110104,D
110105,D
110106,B
110107,C
110108,D
110109,B
110110,A
110111,C
110112,C
110113,B
110114,A
110115,C
110116,A
110117,C
110118,C
110119,B
110120,D
110121,B
110122,D
110123,C
110124,D
110125,B
110126,D
110127,A
110128,B
110129,A
110130,B
110131,B
110132,D
110133,C
110134,A
110135,D
110136,C
110137,A
110138,C
110139,B
110140,D
110141,C
110142,C
110143,C
110144,B
110145,B
110146,D
110147,B
110148,B
110149,C
110150,B
110151,D
110152,C
110153,C
110154,C
110155,D
110156,C
110157,C
110158,D
110159,D
110160,A
110161,B
110162,A
110163,B
110164,A
110165,C
110166,D
110167,C
110168,B
110169,A
110170,A
110171,B
110172,A
110173,D
110174,B
110175,B
110176,C
110177,A
110178,C
110179,B
110180,C
110181,D
110182,C
110183,D
110184,B
110185,B
110186,A
110187,C
110188,B
110189,A
110190,B
110191,D
110192,A
110193,B
110194,B
110195,A
110196,B
110197,A
110198,D
110199,A
110200,A
110201,B
110202,C
110203,C
110204,C
110205,B
110206,D
110207,C
110208,B
110209,A
110210,A
110211,C
110212,B
110213,C
110214,A
110215,B
110216,A
110217,C
110218,C
110219,B
110220,D
110221,B
110222,B
110223,D
110224,A
110225,A
110226,C
110227,A
110228,A
110229,B
110230,C
110231,A
110232,B
110233,C
110234,D
110235,D
110236,D
110237,D
110238,B
110239,C
110240,C
110241,A
110242,B
110243,B
110244,C
110245,A
110246,C
110247,B
110248,A
110249,C
110250,C
110251,A
110252,C
110253,D
110254,D
110255,B
110256,C
110257,C
110258,A
110259,A
110260,A
110261,C
110262,B
110263,C
110264,A
110265,B
110266,C
110267,D
110268,B
110269,B
110270,C
110271,B
110272,A
110273,B
110274,B
110275,C
110276,D
110277,B
110278,C
110279,D
110280,D
110281,B
110282,C
110283,B
110284,A
110285,C
110286,D
110287,B
110288,B
110289,B
110290,A
110291,C
110292,C
110293,D
110294,D
110295,C
110296,C
110297,D
110298,A
110299,B
110300,B
110301,B
110302,D
110303,A
110304,B
110305,B
110306,D
110307,C
110308,A
110309,C
110310,D
110311,B
110312,D
110313,B
110314,B
110315,A
110316,B
110317,A
110318,C
110319,B
110320,A
110321,A
110322,B
110323,D
110324,D
110325,A
110326,D
110327,A
110328,C
110329,B
110330,A
110331,C
110332,B
110333,A
110334,C
110335,B
110336,C
110337,D
110338,C
110339,D
110340,D
110341,D
110342,B
110343,B
110344,C
110345,A
110346,B
110347,D
110348,A
110349,C
110350,D
110351,B
110352,D
110353,C
110354,B
110355,D
110356,A
110357,C
110358,B
110359,A
110360,B
110361,B
110362,C
110363,A
110364,B
110365,B
110366,D
110367,A
110368,D
110369,B
110370,D
110371,A
110372,B
110373,C
110374,C
110375,B
110376,D
110377,C
110378,A
110379,B
110380,D
110381,C
110382,B
110383,C
110384,B
110385,A
110386,D
110387,A
110388,B
110389,B
110390,D
110391,C
110392,B
110393,A
110394,D
110395,C
110396,D
110397,A
110398,C
110399,A
110400,D
110401,D
110402,B
110403,C
110404,B
110405,A
110406,A
110407,C
110408,A
110409,D
110410,B
110411,A
110412,D
110413,A
110414,B
110415,B
110416,A
110417,C
110418,D
110419,B
110420,D
110421,B
110422,D
110423,B
110424,A
110425,C
110426,C
110427,B
110428,C
110429,C
110430,A
110431,D
110432,D
110433,D
110434,D
110435,A
110436,A
110437,A
110438,B
110439,C
110440,D
110441,D
110442,D
110443,A
110444,D
110445,A
110446,B
110447,C
110448,C
110449,A
110450,A
110451,B
110452,B
110453,D
110454,A
110455,A
110456,C
110457,C
110458,A
110459,B
110460,C
110461,C
110462,A
110463,D
110464,B
110465,B
110466,B
110467,C
110468,A
110469,A
110470,A
110471,B
110472,B
110473,A
110474,D
110475,A
110476,D
110477,B
110478,B
110479,B
110480,B
110481,C
110482,D
110483,A
110484,B
110485,A
110486,A
110487,A
110488,C
110489,A
110490,C
110491,A
110492,D
110493,D
110494,D
110495,C
110496,B
110497,A
110498,D
110499,B
110500,A
110501,B
110502,D
110503,B
110504,C
110505,D
110506,A
110507,B
110508,C
110509,C
110510,B
110511,B
110512,C
110513,B
110514,C
110515,B
110516,C
110517,A
110518,B
110519,B
110520,C
110521,C
110522,D
110523,D
110524,D
110525,C
110526,D
110527,A
110528,A
110529,D
110530,D
110531,A
110532,A
110533,C
110534,A
110535,D
110536,A
110537,A
110538,B
110539,A
110540,A
110541,A
110542,C
110543,A
110544,B
110545,C
110546,B
110547,C
110548,D
110549,C
110550,B
110551,B
110552,A
110553,A
110554,B
110555,D
110556,C
110557,B
110558,D
110559,D
110560,C
110561,A
110562,A
110563,C
110564,A
110565,D
110566,B
110567,A
110568,D
110569,C
110570,A
110571,C
110572,A
110573,B
110574,A
110575,D
110576,A
110577,D
110578,D
110579,A
110580,B
110581,A
110582,A
110583,B
110584,C
110585,D
110586,D
110587,C
110588,C
110589,B
110590,C
110591,C
110592,C
110593,A
110594,C
110595,A
110596,D
110597,D
110598,A
110599,A
110600,C
110601,B
110602,D
110603,B
110604,C
110605,C
110606,D
110607,B
110608,D
110609,A
110610,A
110611,B
110612,A
110613,C
110614,D
110615,C
110616,A
110617,A
110618,D
110619,D
110620,D
110621,B
110622,A
110623,D
110624,B
110625,B
110626,B
110627,A
110628,D
110629,A
110630,B
110631,B
110632,C
